timestamp,alpha,beta,delta,gamma,theta,p_focus,p_calm
09:49:31,"[3.85597656 3.25334536 3.40248149 2.41084866 2.74197848 2.94787872
 2.90985577 2.27206385]","[2.56636518 2.82656371 2.92073946 2.89073082 2.52162095 2.9440216
 3.1020077  2.32023631]","[2.11630663 2.58991304 3.30157912 1.74622061 2.78465634 2.75448142
 1.84696437 1.91003738]","[0.69578761 0.61817546 0.50303864 0.54764396 0.61239027 0.62159164
 0.70869943 0.6838025 ]","[3.28190472 3.40491474 3.38669303 2.91142773 2.70336904 3.38967235
 2.30663364 2.48934834]",,
09:49:32,"[3.40118686 2.67587096 2.63556909 2.68116536 2.81713593 3.25871611
 3.61033448 2.98785212]","[3.22132516 2.65619441 3.13126684 2.5030128  2.70087603 2.9548856
 2.93024298 2.43136391]","[2.37711813 1.94977956 2.06663375 2.66374184 3.35154876 3.16991562
 2.45069788 2.32136725]","[0.58550586 0.55376715 0.53047901 0.68307396 0.56510316 0.62293578
 0.59103424 0.66588089]","[3.36514633 2.13498094 2.02136852 2.73163766 3.47386254 3.17413201
 3.20293036 2.7141823 ]",,
09:49:33,"[3.45636012 2.65862176 4.01489073 2.01284153 2.90414211 2.34429663
 2.7487031  2.47793307]","[2.85583538 2.73374791 2.49888911 3.25969635 3.34044506 2.82972318
 2.79225195 2.69893519]","[2.37932106 2.12940759 2.70908146 2.94127331 3.18866228 2.84367592
 2.98764921 5.3821509 ]","[0.51793962 0.69267719 0.63826411 0.68048502 0.59791682 0.60939566
 0.76579681 0.71071513]","[3.69315331 1.67730361 3.24860472 2.77222896 3.0410169  3.77995275
 4.29069074 4.47432091]",0.5400672957583075,0.3677698521591784
09:49:34,"[2.8176097  3.29553745 3.80014527 3.33173672 2.81020978 3.1838212
 2.69145556 3.65797078]","[3.16212483 2.91419839 2.74738667 3.23836452 2.96837466 2.38376329
 2.34840251 2.10257024]","[3.4070991  2.09285468 2.14792239 2.47331002 3.37153906 2.55699003
 2.33876348 3.66325477]","[0.54070364 0.52889515 0.68872524 0.57804087 0.59794225 0.52651698
 0.56389378 0.54059193]","[3.66748678 2.65347796 2.65830979 3.0554284  4.25031804 3.58689446
 2.48589562 4.58497718]",0.532630373189918,0.4292556646883085
09:49:35,"[3.83810179 3.73756326 2.91482647 3.20512848 2.89280405 3.1211527
 3.12074665 3.18912394]","[2.70585101 2.58021266 2.70534309 2.45592597 2.54646133 3.13573288
 3.07631085 2.60229374]","[4.38219185 4.39348338 2.52524909 2.31672533 1.99975609 4.01355637
 1.93030137 3.31057333]","[0.50700364 0.48814748 0.60512418 0.59835073 0.62802306 0.6671188
 0.66409441 0.69576955]","[3.55131395 4.59572118 2.43770382 3.63759355 2.35912056 4.74731276
 2.21169679 3.66518944]",0.5662259191783742,0.3914164280703247
09:49:36,"[4.03041031 2.6410527  3.73025838 3.73810651 3.18100941 2.89624519
 3.98283425 2.70211103]","[2.38864155 2.85848376 3.17141338 2.37968178 3.06073943 2.49744889
 3.56440035 2.44385773]","[4.00517634 1.43414271 2.08449859 4.54279351 3.24637615 2.46925919
 4.08170297 2.86391385]","[0.48276318 0.52520304 0.46467696 0.56760496 0.42924807 0.47289176
 0.74931002 0.73855542]","[3.50622    1.76919491 3.39258755 3.82544061 2.94177977 2.45395219
 4.88670792 2.59298667]",0.52163000018004,
09:49:37,"[2.42401437 2.90385074 3.0630845  3.22573667 3.53335692 2.97131549
 3.70897535 2.25796104]","[3.40553371 2.74274417 3.00806138 3.16363679 3.22303655 2.69983377
 2.5963745  2.98431155]","[2.35149284 2.55316792 2.35032506 2.26954575 1.37886121 2.63843664
 2.09366339 1.924947  ]","[0.64067571 0.55710299 0.52192879 0.554598   0.66493404 0.54000338
 0.54052818 0.62992613]","[2.64273477 2.67791791 3.03498979 3.5116564  2.7162303  3.15217188
 2.38635224 2.13104574]",0.4896791293780455,0.3129491180705332
09:49:38,"[2.79123131 2.65762755 2.88857026 2.18771745 2.81095041 3.46983787
 2.7641732  2.40174637]","[2.28462841 2.23556085 2.67230995 2.63508473 2.30225516 2.53746506
 3.15313573 2.76576471]","[5.12167885 3.05454202 1.99584631 3.18705509 2.57146237 3.19854021
 1.6723216  3.16596981]","[0.57475831 0.61019688 0.66857284 0.7386231  0.62633403 0.54566719
 0.63541842 0.51128939]","[6.05336996 3.69430651 2.35617557 3.79650856 3.04005689 3.27378701
 2.70612771 3.08221335]",0.545295933604123,0.3712689485143103
09:49:39,"[4.02094742 3.54851027 2.82636804 3.69671071 2.84400625 1.42424883
 2.84825009 2.673022  ]","[2.59065282 3.17068029 2.61012925 3.23381014 2.47969238 2.75611495
 3.86895975 2.48683521]","[3.43424407 3.01995552 2.38258295 2.78919037 2.01103679 1.85064402
 2.49999812 3.41677096]","[0.60859788 0.65124358 0.48270695 0.59984593 0.79253853 0.62236428
 0.71069515 0.47889615]","[4.08310517 3.32086821 2.96066824 2.28016135 2.79644898 2.02519164
 2.73580541 2.78194858]",0.5149846450994011,0.3578831952161955
09:49:40,"[3.41953149 3.33022062 2.55937759 3.09251082 2.45195566 2.7762263
 2.75405428 2.8973474 ]","[2.8816152  2.72468727 2.32578253 3.10621167 2.68605088 2.76190111
 3.35532348 2.56178086]","[2.18622383 2.18002855 2.87996293 2.75409932 2.82042716 3.87930716
 2.43290583 2.18540547]","[0.55487708 0.53374557 0.62401303 0.61813246 0.71027123 0.62382958
 0.66001168 0.64114093]","[3.13152387 3.55280772 2.80008251 2.92113463 3.27427463 3.46571128
 2.43907883 3.29509695]",0.5520161042203668,0.2931786494351761
09:49:41,"[2.66936133 3.81493844 2.84980298 3.18698311 2.04180928 3.12547856
 2.87698429 1.78271493]","[2.22410012 3.17971831 2.3952587  3.01789342 2.13995698 3.28094898
 2.69233533 2.95383083]","[2.86008939 2.32614278 1.67155178 2.37550476 2.14404237 3.55016303
 3.33005087 2.1685877 ]","[0.47676089 0.68163719 0.67925232 0.53461919 0.4584321  0.66942154
 0.47412151 0.72319818]","[3.40890711 2.97424071 1.81855639 2.54770396 2.7846039  4.00126978
 2.81885757 2.30606419]",0.5555522384937424,0.284587149938627
09:49:42,"[2.78637253 2.93720587 3.68903049 2.90744084 2.67829313 3.11013342
 4.51532384 3.63967276]","[2.88391509 2.35741592 3.14692396 2.73168239 3.18822985 3.22526014
 3.1093869  2.490267  ]","[3.28816867 2.51563218 2.78271346 1.90066454 2.30742974 2.47157576
 2.04473359 2.97290107]","[0.70741001 0.76753148 0.64236256 0.68112571 0.56305857 0.61929847
 0.58540681 0.63753717]","[2.46534069 2.72442135 4.16072289 2.7471951  3.30338164 3.22665735
 3.03959592 3.41933799]",0.5371427231838779,0.3592039416474147
09:49:43,"[3.93643473 2.9899094  2.33811795 4.6063162  2.45260986 3.36949767
 2.67667296 2.75075513]","[2.41403664 2.95641831 3.07642116 2.88278916 2.17589412 2.65951196
 2.56574678 2.65306113]","[2.6242077  1.61785106 2.55500947 2.64324975 2.62413436 2.00969681
 2.60711509 1.86340323]","[0.57159648 0.60664716 0.58745803 0.64589592 0.60897659 0.68605912
 0.62100277 0.56292971]","[3.65634711 1.85308556 3.30947171 3.35366242 2.36557501 2.30415893
 2.63997055 2.1685852 ]",,0.3258575510666685
09:49:44,"[3.9327712  2.23271051 4.03271003 3.57192879 2.47601345 3.9144677
 2.58979521 3.94041033]","[2.78839986 2.69571052 2.75699748 2.87767407 2.6476675  3.12153006
 2.88253334 3.25111556]","[2.21748069 2.85372204 2.8267748  3.85436526 2.55541002 3.29198186
 2.15397525 3.16472821]","[0.73352897 0.6971705  0.4986661  0.48676947 0.64442785 0.44042101
 0.57656407 0.67248347]","[2.75555904 2.90264005 2.85640514 4.31150144 3.600905   3.68586253
 2.41893682 3.30951797]",0.5539801740226283,0.2589447374547521
09:49:45,"[3.74679729 3.60896906 2.3348181  4.32534265 3.04629533 2.35270889
 3.44511337 2.23924431]","[3.30093828 3.04163932 2.28844329 2.02596352 2.29798947 2.83822704
 2.43990438 2.42326662]","[3.49207071 2.91970265 1.54189621 2.34893393 2.84541217 3.27230876
 1.39719716 1.98497641]","[0.51977458 0.54756173 0.60097348 0.49912216 0.56537827 0.42798396
 0.44489821 0.50258073]","[3.62530647 3.56333074 2.05767487 2.64323018 4.22565435 4.40994624
 2.16880912 2.05795843]",0.5234020631518516,0.3383403549107362
09:49:46,"[2.5956223  2.24638592 2.80815204 2.74723813 3.7976301  3.5304428
 2.16831532 2.48842775]","[2.49324803 2.77778801 3.01700535 2.65687103 2.36778886 2.5772117
 2.31639081 2.82839998]","[3.23822111 1.94591022 3.6740124  1.4606573  2.8093912  3.35336148
 2.23301416 4.42112484]","[0.58380292 0.71872273 0.64956519 0.59215243 0.48887748 0.63014045
 0.57894815 0.54436186]","[3.39828467 2.32548269 4.05125891 1.93597392 3.69371537 3.04181678
 2.56588192 4.04617758]",0.544171969059237,0.3897570566741153
09:49:47,"[2.4777017  3.57930864 2.54927618 3.0465007  2.74522565 4.38888306
 4.09214758 3.54208641]","[2.93702605 2.70527641 2.82692908 3.09170961 2.4473421  2.79800649
 3.05396195 2.75982442]","[2.85236947 3.33719938 2.91758507 2.44542654 2.98930623 4.11758944
 2.08777926 2.62369242]","[0.55548005 0.5989386  0.5818486  0.60315557 0.69481583 0.60790878
 0.59755546 0.66209802]","[3.00165032 3.50534011 3.4406023  3.59015194 3.22224257 3.57739451
 2.20105065 2.26460585]",0.5396774789138216,
09:49:48,"[2.74348351 2.98825707 3.04081419 3.10846959 3.43465073 3.38196685
 3.1196749  3.04007351]","[3.16270558 3.15087094 3.39331365 2.6765524  2.67023433 2.92393769
 3.17733632 2.47887694]","[3.59211966 2.0674439  2.30694948 3.1349983  2.85113344 2.26880741
 2.59680272 2.96383095]","[0.55500189 0.56669232 0.45747506 0.55229448 0.58985823 0.62711022
 0.49447544 0.52287229]","[3.14296126 2.83002498 2.86601094 3.93906834 3.67920309 2.17876737
 3.12857288 4.0746953 ]",0.4774607620146018,0.3387482185024909
09:49:49,"[3.16445349 3.61620087 3.49409839 3.46813273 2.19370053 4.68373212
 3.07189391 3.04786004]","[2.49856942 2.74001199 2.7157281  2.74284516 2.33108652 2.42473434
 2.87021617 3.18107172]","[1.76915458 3.20398042 1.99365779 3.39593951 1.94036326 2.32870543
 2.26099328 2.45658983]","[0.6460146  0.53424989 0.62960417 0.8327034  0.71668504 0.58874607
 0.56984807 0.60783254]","[2.07297757 5.17491568 1.74081544 2.35681685 3.13433142 3.0445511
 3.09881724 2.75123072]",0.5180526716039024,0.2947067256725926
09:49:50,"[3.47610817 2.94484572 2.63535382 3.52810646 3.35188305 2.90572451
 2.7369819  4.08696347]","[2.70289828 3.04011497 2.92865311 2.4733556  2.60743144 3.4189574
 2.69236326 2.53972631]","[2.51635999 2.18587482 3.15356656 2.97512424 2.1894095  3.08497464
 1.9970743  2.34880422]","[0.49879792 0.64802612 0.65783774 0.67422744 0.54693494 0.80803579
 0.67045918 0.49892404]","[3.54327738 2.51622987 2.68730342 2.70936952 3.50540342 3.4406263
 2.41732357 2.82637939]",0.5380580522923867,0.3030200422538665
09:49:51,"[2.41838923 2.55959289 3.17306052 2.89415942 3.18137217 3.72294129
 3.01658644 2.92982474]","[2.43740656 2.81583149 2.75389318 2.56819434 2.50013418 2.89931295
 2.76200551 2.56419756]","[3.41707026 3.19030741 4.45801756 2.96633815 2.2693292  2.68114843
 2.34701671 2.77045642]","[0.65896672 0.50766525 0.71169717 0.51307999 0.57972854 0.42231744
 0.60949974 0.65068455]","[3.63571418 4.07846436 4.17655728 3.05566974 3.40081072 3.22333058
 2.30573875 3.97740958]",0.4892884140248211,0.3348180994425623
09:49:52,"[3.6258607  3.73198455 3.1415384  3.58001327 3.43912558 3.40414804
 2.63035185 2.29999315]","[2.32835195 2.92409317 2.63819603 2.82030059 2.69451155 2.82028692
 3.24741923 3.20336879]","[1.51847275 2.90315222 3.18409768 2.52948914 1.83370666 3.97806623
 2.43616123 1.65163469]","[0.7114403  0.56391482 0.62321035 0.59828868 0.65069891 0.53299566
 0.53082878 0.54355937]","[2.14695292 2.66527447 2.48035661 3.39616176 2.64708276 4.23061585
 2.16364003 2.3313772 ]",0.5375685791372182,0.2848029758513964
09:49:53,"[4.13310053 3.83894242 4.43670407 2.45880945 3.41242715 3.28641371
 2.88226306 2.66702117]","[2.40821485 3.24615604 2.40218556 2.91159592 2.93264179 3.27544803
 2.9363894  3.54181425]","[3.68467969 2.39006643 2.43523638 1.6117133  3.72825938 2.78214498
 3.43055702 2.06212804]","[0.63394425 0.52144739 0.73178489 0.65427361 0.71075168 0.565341
 0.5474882  0.60588622]","[3.2505619  2.69002606 3.05958652 2.31533957 3.86601595 2.97695631
 4.03899432 2.51866412]",0.5230107090317304,0.2245848939416254
09:49:54,"[3.25465127 3.06770055 3.13431036 4.65455342 2.6212528  2.89331568
 2.15286899 2.60165047]","[2.38556965 3.16794218 2.76931851 2.1279884  2.51098915 2.58052772
 2.75932507 2.91717754]","[2.99576302 2.17679465 2.37193021 2.42477392 2.38649207 1.69272746
 1.14154554 2.51549358]","[0.62738282 0.58354487 0.69320483 0.61786919 0.66378277 0.52040361
 0.58182451 0.66107455]","[3.16590101 2.68535699 2.56606746 2.54929375 2.66790005 2.79653502
 1.6225452  3.10007298]",,0.271640327249768
09:49:55,"[3.05736996 2.98529298 2.9294638  3.78441644 2.68543022 3.20789657
 2.76235469 3.9499697 ]","[3.44230293 3.00976462 2.28317464 2.85871123 2.47039224 3.11249745
 2.89586    2.52991708]","[1.73128464 2.31991877 2.80824113 2.08351346 2.29819132 2.21964967
 2.36772698 2.40129873]","[0.71804768 0.56018579 0.63137827 0.58367804 0.61118922 0.72417542
 0.70043942 0.79624019]","[1.72553959 2.93581434 3.39622487 2.54292218 2.7853452  2.45693561
 2.76385362 3.47545238]",0.5427002001437954,0.4063772981874131
09:49:56,"[2.83064856 2.56391333 2.39650687 3.62099555 3.27386738 3.1150822
 3.54779778 3.38362175]","[2.63910345 2.69566483 2.34185868 2.62599256 2.71446549 2.69626612
 3.11124282 2.56099087]","[2.54618755 3.3744536  1.88098542 1.74783889 3.42433475 1.63522808
 2.34102722 2.71272049]","[0.57141456 0.58062028 0.62177684 0.60776358 0.60363557 0.66886018
 0.57074294 0.52216781]","[3.26166368 4.18976216 2.68159268 2.22212683 3.92404862 2.44779105
 3.64526234 2.44557549]",0.5501198660499967,0.3519932810912164
09:49:57,"[1.60052898 2.99208292 2.35148269 2.32199138 2.87786437 2.91001267
 3.38481379 2.46853189]","[2.90443095 3.13501146 3.46050307 2.48495968 2.70263638 2.3915718
 3.10564296 2.79023215]","[1.77302499 1.99583664 2.06476203 3.26758446 3.79896203 1.87968728
 1.58881807 3.46298332]","[0.5207206  0.51707655 0.60666979 0.55065827 0.60947973 0.73893661
 0.54902362 0.55006135]","[1.87368202 2.75643656 2.40608685 4.31240181 5.41388769 1.96356112
 2.15995584 2.717851  ]",0.511197617018893,0.2941913023391789
09:49:58,"[2.4566432  2.31248175 3.82767962 3.17406363 3.34712639 4.13125073
 3.15759796 2.73455995]","[2.65334923 3.03271882 2.51191796 2.24881645 2.6147623  2.76356843
 2.79830129 2.73969676]","[2.88318283 2.32276439 2.65328877 2.75730959 3.18205167 1.74923967
 1.61535269 3.99052176]","[0.51502428 0.57075543 0.6125707  0.5427985  0.6463127  0.65817702
 0.62370546 0.55068166]","[3.61117837 2.75069234 2.51732823 3.04630721 3.31170755 2.53966191
 2.48427895 3.76141703]",0.5493438698360493,
09:49:59,"[2.90641035 2.59194463 3.34863692 4.8843997  2.33956294 4.48199833
 2.59979876 4.00793416]","[2.68400642 3.47287247 2.68648325 2.97615182 2.15387356 2.85543003
 2.47691557 3.02085209]","[2.78584137 2.82111732 4.29166683 1.74475046 2.75579834 3.0954814
 3.34949757 2.65256861]","[0.61919518 0.67451169 0.63901143 0.72502012 0.4750932  0.61438809
 0.61654215 0.62201379]","[3.58416621 2.35403953 5.63617974 3.13300096 3.05917538 3.70140838
 3.06106159 2.84986212]",0.574055615178737,0.2400524201406767
09:50:00,"[2.78668056 3.03562008 3.87322515 2.8699261  2.48950024 3.09805953
 2.55415024 2.24438785]","[2.29755907 3.17264896 2.33879951 2.5581498  2.95912045 3.27659106
 2.5975787  2.6711178 ]","[2.57143345 3.30699183 2.33735293 2.9700759  3.37441494 2.58830199
 2.00479309 1.60952508]","[0.6425823  0.67414501 0.6896844  0.75217088 0.67637343 0.52712853
 0.65175341 0.52927642]","[2.33033211 4.38214383 2.64867305 3.03251218 3.83407998 3.33941758
 2.35390742 2.42853239]",0.5284596316564611,0.3196639552858816
09:50:01,"[3.12583012 3.01976674 3.08287196 2.69506396 3.35360608 3.3915791
 2.79523068 2.68609134]","[3.10997845 2.93931533 3.00949715 2.4381599  3.06140694 2.39100967
 2.37456285 3.4584319 ]","[3.38723946 3.78036733 3.78127437 2.51619755 2.08141296 1.77643808
 2.76329082 3.3958727 ]","[0.58317186 0.53287129 0.65892441 0.71369633 0.68717518 0.76177765
 0.66185432 0.5917913 ]","[2.74507795 3.96057244 4.42783137 3.07986577 2.88246373 3.27279675
 2.67735871 3.99468175]",0.5268186528035258,0.4649826983622231
09:50:02,"[2.85709    3.40448142 4.40759107 3.45863975 2.8539289  2.98857067
 3.16061878 3.63957964]","[2.5063849  2.7359477  2.76855736 3.00627346 2.97381328 1.98368962
 2.87565279 2.59893227]","[3.21776767 1.98561952 2.04794796 2.59437128 2.39124762 3.59605322
 2.7846615  1.63828966]","[0.60342935 0.69548253 0.6398456  0.59411871 0.72947252 0.51941958
 0.60129461 0.65262705]","[3.42704354 1.70648238 3.40073304 3.04857551 3.12979412 3.9375706
 2.42212887 2.08189259]",0.5722935968706214,0.4209862632484224
09:50:03,"[2.45049933 2.23699331 3.42805624 2.75954565 2.38550996 3.32337406
 2.45980065 2.45394378]","[2.77806097 2.26715353 2.95899305 2.58546705 2.39644297 2.67801342
 2.92337304 2.58892505]","[1.80079937 3.47009614 2.77279818 2.10620762 3.37098923 1.88194535
 1.83177308 2.84800105]","[0.64689794 0.70424497 0.62801848 0.61782262 0.74097195 0.72664494
 0.4972007  0.62311434]","[2.95552274 3.8132873  2.92258749 1.96276051 3.41130044 2.87252791
 1.56927325 2.78631435]",0.5663760393916372,0.3729595412045227
09:50:04,"[3.17749162 3.74715917 2.66814844 2.47014336 3.33244359 3.39122076
 3.32324455 2.6456804 ]","[3.21430653 2.60590928 2.98224888 3.01896586 2.47660059 2.58181149
 2.26157945 2.27892839]","[2.75456356 1.85079954 2.19259806 1.53928256 4.47716052 3.54222761
 2.57097474 3.03674794]","[0.77188229 0.65161567 0.59428159 0.78472469 0.83835049 0.62543621
 0.59316917 0.55024009]","[1.512008   2.60120288 1.84492267 1.9519164  4.12915207 3.83398059
 2.81830141 3.42717251]",0.5688963120503364,0.4087271164033626
09:50:05,"[2.12782243 2.13900819 2.4913418  3.40699526 3.95113786 2.60182009
 2.44834803 2.8642743 ]","[2.75499996 2.37754107 2.35994841 2.64308816 3.22964886 2.29889748
 2.33462666 2.77795898]","[2.02193381 2.05408151 4.29919694 2.98927762 2.40644197 3.00169395
 2.59857285 3.05944587]","[0.6328327  0.58743191 0.66892699 0.50224892 0.63424705 0.5523229
 0.5892338  0.57102629]","[2.1367844  2.33506936 3.96417118 3.47960645 2.5599594  4.14536151
 3.14633998 3.65796899]",,0.3931561177798747
09:50:06,"[2.54601819 2.79562635 5.31579995 3.24109763 1.98766779 3.5755178
 3.78087402 4.04914564]","[3.21679823 3.15593683 2.9837775  2.906054   3.09067293 2.27741376
 2.41632844 2.17201421]","[1.73323945 2.32942579 2.70735688 3.17064655 3.54162245 2.19871484
 2.75341611 3.3025802 ]","[0.69457726 0.56668562 0.61201248 0.64289506 0.61244417 0.68324188
 0.68170531 0.56263352]","[1.99386327 2.90500163 3.19022616 3.09012065 2.96419174 2.35334441
 3.24265136 3.97378303]",0.5147506231671359,0.3524210737577289
09:50:07,"[2.57664575 2.99369123 2.67139101 4.57222794 2.87497039 3.19970142
 4.34362887 2.67978222]","[2.52130182 3.07109448 2.44818551 2.98161544 2.54303406 3.17161184
 2.88706331 2.50435783]","[3.25668191 1.39299308 2.52380751 2.68746216 2.48945417 2.8023356
 3.6489832  1.76305597]","[0.57527673 0.72685535 0.58653243 0.65012594 0.67322754 0.52225567
 0.49360481 0.56507698]","[3.31634843 1.80590956 3.02223239 3.8893422  2.57570959 3.51030795
 3.82181965 2.92782295]",0.5368995756907481,0.3640115180029173
09:50:08,"[3.74981038 3.05380802 3.03629514 3.49068465 3.2806313  3.68525519
 3.85795059 3.33181205]","[2.2961732  3.01360049 3.41933456 3.36442857 2.86161506 2.7895341
 2.93399432 3.29343483]","[1.87801627 2.58073946 2.55146143 2.26311459 2.92024098 2.07807792
 2.36651117 2.79780339]","[0.60423735 0.58996745 0.48617266 0.60250753 0.70206849 0.44579782
 0.66380962 0.61962795]","[3.49316188 2.93337234 2.63388858 1.9795752  4.70625032 2.25054779
 2.92013043 2.86540639]",0.528169947162768,0.2958000944952273
09:50:09,"[2.88227107 3.03566098 3.65233634 2.45528715 4.71519603 2.26254267
 3.37061223 2.84956928]","[3.0626645  2.44845615 2.97511115 3.32053012 2.51129971 2.77320299
 3.01466122 2.4915578 ]","[3.01210088 2.45699411 2.39105813 3.65834287 3.11387215 3.1708675
 3.82699141 2.26593691]","[0.67952751 0.63983952 0.82897696 0.66253788 0.58266345 0.5906778
 0.42572831 0.73911347]","[3.8176641  2.5215853  2.75319839 3.99712231 3.63710242 2.83290986
 3.45009283 2.93583031]",0.4070136130000468,
09:50:10,"[2.64300568 3.1488957  3.94636786 3.34945366 3.02650732 3.31257475
 3.97155    3.08740133]","[2.75288266 2.45810987 2.3046938  2.96861799 2.50257018 2.41249672
 2.71571186 2.64429925]","[2.1469673  3.00363562 2.23619015 2.3719666  2.75386417 2.41373009
 2.76152875 1.46332111]","[0.57379155 0.56281046 0.60727294 0.61179223 0.5016446  0.46083793
 0.58602097 0.71679917]","[2.45908311 2.77238414 3.6500161  2.75489008 3.23029716 3.33585609
 2.64139418 2.22783392]",0.538314969549972,0.2661434568006695
09:50:11,"[2.30107416 3.23740829 3.38354961 2.66012325 3.59127096 3.81927412
 3.05635791 1.77397266]","[2.99771954 2.90648438 2.63940251 3.04614867 2.8243465  3.0311648
 2.18424372 2.96512675]","[2.99867292 2.24545758 2.6938573  3.01221695 3.24722232 2.92045245
 2.98996928 3.66961553]","[0.5130796  0.67176967 0.54154503 0.52021004 0.73524756 0.65716196
 0.57482226 0.74954663]","[3.02021163 3.85395587 2.76340889 2.8688913  3.03066706 2.60231478
 3.16259621 2.82467651]",0.558784264678314,0.3933447956429112
09:50:12,"[2.44497034 3.24558299 3.09818115 3.58890547 3.48208463 3.31758568
 3.05232453 4.43178701]","[2.78469081 2.81864567 2.61460679 2.68360613 2.80145841 2.75267796
 2.75834228 2.40020209]","[4.03723    2.70556471 2.18657076 2.03401383 3.90764616 2.58592039
 1.67457312 3.257085  ]","[0.51287589 0.65135876 0.66488503 0.65140176 0.73749709 0.51068357
 0.6770433  0.60042977]","[4.0173862  3.9056283  2.45113547 2.8550536  4.31543572 3.26552487
 2.35449201 4.92320649]",0.5193311491788486,0.1978736551543679
09:50:13,"[2.41903181 3.05766369 2.50208452 3.30672718 2.66756026 3.91278059
 3.61707072 3.52241918]","[2.59175633 3.29812366 2.68307831 2.53856076 3.00114736 1.63497953
 2.46272491 2.94288921]","[3.02801953 3.04689509 2.46373553 2.58341213 2.0322542  3.25871507
 2.20442044 3.12609356]","[0.42842069 0.7039138  0.6636359  0.60051775 0.58087952 0.64985119
 0.7367748  0.69870567]","[2.33687742 3.29600919 2.17910402 3.06108674 2.75290319 3.59488987
 2.50192828 2.0597054 ]",0.4550602266320039,0.2998853325838837
09:50:14,"[2.63930911 3.25901016 2.72721836 2.6131629  3.16059722 3.28422078
 4.65824427 2.66017137]","[2.64614887 2.88702466 2.49904516 2.72031623 2.71301501 3.1865703
 2.90327415 2.55579559]","[2.32553099 2.6496472  2.11861786 3.28735759 2.91613904 3.11108823
 2.89754734 3.62745557]","[0.45955872 0.57302742 0.67607269 0.57912703 0.59348239 0.52535431
 0.65506986 0.75059119]","[2.7928088  3.34189518 2.97648531 2.99409032 3.32363159 3.13829373
 3.32587915 4.05041172]",0.4977713994728776,0.3662113302165558
09:50:15,"[2.5208741  3.34010059 2.53266656 2.4872311  3.59748005 3.73009354
 3.54129531 4.39577699]","[2.52185365 2.79833955 2.59486513 2.76762265 2.70811911 3.24347915
 2.49520112 2.38834412]","[2.99443385 2.79896296 2.20523256 3.60187859 2.36528156 2.25876181
 4.07232067 3.39100752]","[0.66908467 0.65880186 0.59655575 0.68660955 0.59765243 0.66254092
 0.57455804 0.68702469]","[3.05277508 2.75937065 2.69828412 4.17557754 3.18055662 2.37640485
 4.03321711 3.66512801]",0.5000329153821157,0.1798848423461713
09:50:16,"[3.00303059 2.88517417 4.22003612 1.77987708 2.98676887 2.38422559
 3.15238483 2.92090534]","[3.13154598 2.470096   2.73881129 2.5046453  3.43513754 3.36517088
 3.11659476 2.94713715]","[3.09156095 1.54143756 2.854707   4.45937876 3.65114665 2.45378586
 2.54052319 1.60825457]","[0.73464562 0.54189234 0.73171366 0.72412736 0.7528199  0.54333675
 0.74009439 0.68125312]","[2.74053537 1.5336853  3.5909349  4.6973762  4.28572185 2.24231636
 2.10619596 3.35858511]",,0.3709408196032648
09:50:17,"[2.23332419 3.75704053 2.40522723 3.31806801 4.01882188 2.91449932
 3.08948238 3.65217161]","[3.05975232 2.95322608 2.75663464 2.67849877 2.58676403 2.59197005
 2.84422114 2.29224034]","[2.53517803 3.31155631 2.56609663 3.87304176 1.86935895 2.6899021
 2.93196653 1.87135477]","[0.76596728 0.65025035 0.74234519 0.59223204 0.67923448 0.49237679
 0.45579915 0.51519917]","[2.53342591 3.41372242 2.56019458 4.7155499  2.02466585 3.66393263
 4.32884793 2.02666427]",0.5457399631214639,0.2268824048120593
09:50:18,"[3.57404027 5.29137264 3.08865063 2.70038771 1.69500799 3.80135101
 2.98642678 1.91233662]","[2.75625552 2.50934996 2.56352343 2.56004316 2.95730714 2.42560652
 2.89833857 2.51407919]","[2.19230332 3.12287055 2.95554762 3.34884949 1.25697976 2.38586486
 2.11931802 2.67452076]","[0.45104639 0.77287816 0.62044515 0.5007667  0.60505449 0.67148622
 0.66841522 0.59879103]","[3.98718959 4.10738246 3.65266048 3.25012931 1.95858935 3.03495856
 2.38916769 2.67722433]",0.5059699075697287,0.3135031675187515
09:50:19,"[3.49443006 2.81889959 3.58770955 3.36687014 3.16051805 1.92083266
 1.76917729 3.68695066]","[2.48487369 2.34529779 2.47134397 3.19619814 2.76059226 2.6145274
 2.87320052 3.00805748]","[2.25585714 2.64789906 2.47444744 3.32437118 1.4931443  3.32063235
 2.79883314 2.35496643]","[0.53120654 0.55124132 0.49994703 0.48782789 0.5125429  0.75696351
 0.60851284 0.81505238]","[3.6776836  2.67760257 2.67022067 3.49942265 2.39747926 3.87821136
 3.38163785 2.37946074]",0.5278890097868945,0.3523922626590717
09:50:20,"[3.26305173 4.04282869 2.0678436  2.78301648 3.22188624 2.62669771
 2.53235938 2.08141431]","[2.19947253 2.77875582 2.894588   2.24983287 2.98630253 2.26859401
 3.10629651 2.74064985]","[1.7928681  2.56534785 2.89552851 2.22894588 2.10870182 2.17228145
 3.06419405 2.69854118]","[0.64961956 0.61421497 0.51645516 0.63344592 0.61033034 0.65798545
 0.51602469 0.58120838]","[2.44442988 3.09832593 3.89911111 2.33796718 2.30833911 2.22106157
 2.70887846 2.84105424]",0.5225040256760118,
09:50:21,"[2.38497721 2.87241034 2.31061484 3.5912351  2.61361487 3.91071757
 2.79937889 2.63273005]","[3.50608157 2.7597094  3.20576145 3.2502051  2.69738822 2.4147804
 2.88104321 3.17257815]","[2.76510481 2.33495643 2.6516669  2.22547147 1.24940856 2.77101078
 3.04250827 3.37180507]","[0.61802841 0.726678   0.66732513 0.62024241 0.62651584 0.638298
 0.45258965 0.59716767]","[2.22471781 2.82626733 3.70616641 1.82527257 1.65977318 4.7964394
 2.76976442 2.68995715]",0.5500624892150696,0.3357926188849786
09:50:22,"[2.73984439 2.90092156 2.42989074 2.86268221 2.9982252  2.88854307
 3.45729998 3.47236923]","[2.82525792 2.76014384 2.83007044 3.08381174 2.57121211 3.18145501
 3.20849182 2.53006312]","[2.7638313  3.47076783 2.76971082 2.31372254 2.79703155 2.74610955
 2.52546549 2.86483764]","[0.67731592 0.71044512 0.55635072 0.83840858 0.64607717 0.6914096
 0.53089867 0.67161644]","[4.0820122  4.30061885 2.65869023 2.88767678 3.12867441 2.47718573
 2.17096187 3.54739707]",0.4540885127628198,0.3834710141208926
09:50:23,"[4.484853   4.10558077 2.99152779 3.10500241 3.85814372 2.9691037
 3.61701574 2.54989225]","[3.28640562 3.30498264 2.48856937 3.34180655 2.36579025 2.56907069
 2.44530117 2.92405062]","[2.5579855  1.75833171 3.20303217 3.28985874 2.44375682 1.78158482
 2.46333685 1.54257703]","[0.55225639 0.62089703 0.65502606 0.58159289 0.6562747  0.74334707
 0.74041141 0.64369182]","[2.6272403  2.80720333 4.12137282 3.45485864 3.51282774 2.06195186
 2.9082889  2.05174255]",0.563976475228111,0.355161816441528
09:50:24,"[3.17446635 3.10103603 3.33318267 4.3390202  2.70507558 2.02419243
 2.20146241 3.00233386]","[2.43943152 3.20893205 2.84651702 2.9251516  2.98106863 2.91406911
 2.98896139 2.78448178]","[2.26123578 1.4391481  2.34916587 1.81798153 1.80703463 1.24242095
 2.53513695 2.72539792]","[0.70083658 0.63777732 0.56097649 0.58006045 0.6212095  0.69377997
 0.59981105 0.76430278]","[2.80149248 2.18732358 3.02179381 3.18900034 2.57876181 1.64287283
 3.11695455 2.7610118 ]",0.5182424133718531,0.3973784425568091
09:50:25,"[3.5062361  3.39918255 2.30032126 3.21395476 2.5068017  3.72607491
 2.71299434 3.49261703]","[2.30387596 2.43084067 2.63075602 2.47907726 2.89953997 2.92852311
 2.76810615 2.51941142]","[3.10971642 1.95506828 2.13113742 1.96087441 2.59477553 3.34763076
 2.78147204 2.16255957]","[0.62803495 0.65309533 0.63939751 0.44646869 0.76198925 0.64020536
 0.65548244 0.64497433]","[3.00848789 2.68386193 2.19372302 2.72630559 1.97922089 3.87565194
 3.35196996 3.51578209]",0.5974667603445821,0.3996692156809091
09:50:26,"[2.83088552 4.09097701 3.19131262 3.25194654 2.81857342 2.32720863
 2.29039194 2.37376136]","[2.8302542  2.29894322 2.68053937 2.43075067 2.94767453 2.57268041
 2.71887913 3.00988405]","[2.41628244 2.49236282 1.80945059 2.33287925 3.28811978 2.73038242
 3.52286176 2.09784836]","[0.58841286 0.72253853 0.53026187 0.53479309 0.73309286 0.62959393
 0.5918348  0.54800126]","[2.09601654 2.621644   1.89608257 2.66453034 3.41520217 3.36903235
 3.41136419 1.17653154]",0.5658553081696989,0.2284231853830585
09:50:27,"[3.27271549 3.09041543 3.61337596 2.4099309  2.420786   3.19077345
 3.17073081 3.43671332]","[3.23608375 2.35594048 2.92625134 2.53007304 2.90117534 2.63272575
 2.78509551 3.06419318]","[2.64059603 1.43179894 1.23629509 2.22505726 2.82287833 2.38233939
 1.83803094 2.26192459]","[0.50615741 0.69452337 0.58850723 0.59330232 0.75656619 0.54957621
 0.60032028 0.52894336]","[3.48140317 2.06450013 1.8833252  2.67062463 2.48357154 2.7151798
 3.24747144 2.72581933]",,0.3346751242184574
09:50:28,"[2.82398798 2.92666194 3.34636652 3.47882953 3.526371   3.24204024
 4.45796391 2.63632233]","[2.99204725 2.82631275 3.09342756 3.36501263 2.79228944 3.02999236
 3.01617358 2.85824776]","[2.18915838 1.94147682 2.64955704 2.25701947 2.26329412 4.84910076
 3.0765862  2.76279811]","[0.72041323 0.69027718 0.65278131 0.62358342 0.68429253 0.64197529
 0.62780304 0.6493966 ]","[2.20091279 2.20268273 3.49563135 2.9473381  2.95928284 4.08226077
 3.22411123 3.64036782]",0.4591003795461416,0.2591109308229175
09:50:29,"[3.57212416 2.99193709 2.8939515  2.86664189 1.27803158 3.68307264
 2.57007623 3.65524704]","[2.51831846 3.35655451 2.746382   3.35150899 2.46890897 2.95232209
 2.99140622 2.51645258]","[3.34262903 1.98357409 2.75650475 2.55609409 1.28041089 3.12390652
 2.40314763 2.9246604 ]","[0.63955123 0.64089147 0.58068877 0.5606681  0.53191969 0.75753772
 0.59463466 0.75967906]","[3.44620564 2.05444341 3.90071372 3.1402238  1.86752581 3.05335414
 2.27911872 3.62213287]",0.5432533981087723,0.3571307447993144
09:50:30,"[3.01965623 2.52265561 3.07488942 2.61289578 2.58153412 3.82815135
 2.81823425 2.44083319]","[3.18349521 3.08321357 2.8337839  2.3475907  2.49654022 2.61757231
 3.30438406 2.81047636]","[2.52676283 2.86494981 3.35449968 3.09981877 2.3259209  3.11367281
 2.70660268 3.10844222]","[0.68839053 0.74973623 0.57647044 0.60953411 0.67455354 0.68510424
 0.54639435 0.54992744]","[2.44728226 3.53505118 4.48429526 3.4287473  2.47208054 3.40858138
 2.39451016 3.49037644]",0.4593209444890526,
09:50:31,"[1.97661693 2.63939988 2.97694703 3.35043269 3.10635682 3.25008418
 2.86513236 2.57349862]","[2.12169455 2.57804891 2.76609114 2.90731219 3.05945687 2.8735503
 3.29939646 2.75958856]","[3.12724131 2.25132847 2.71602966 2.87315714 2.69425015 2.31750687
 2.50408311 3.22991295]","[0.60045432 0.6090369  0.62047505 0.62086511 0.57860922 0.61697334
 0.68228525 0.55705434]","[2.46917567 2.78363412 2.82934603 3.31300597 3.17696867 2.92722777
 2.75014882 2.749398  ]",0.5380008826348647,0.3744084492754682
09:50:32,,,,,,0.557020111735401,0.4049034503432603
09:50:33,,,,,,0.541652573214859,0.3601314420527076
